title,start_year,end_year,article_count
13.7 Cosmos & Culture [BLOG],2016,2017,4
60 Minutes,2010,2015,61
AM New York,2008,2019,329
"AZB, Arizona Business",1971,2004,2443
Abilene Reporter-News,2011,2025,2321
Advocate,1994,2011,509
Advocate The,2002,2025,2950
Afro - American Red Star,1993,2022,192
Afro-American,2003,2025,553
Afro-American (1893-),1925,2010,2415
Alabama Reflector [BLOG],2023,2025,425
Alamogordo Daily News,2010,2024,863
Alaska Beacon [BLOG],2023,2025,259
Alaska Dispatch,2021,2025,1200
Alaska Dispatch News,2016,2016,2
Alaska Journal of Commerce,1985,2024,2561
Albuquerque Journal,1995,2023,2038
All Politics Blog [Milwaukee Journal Sentinel - BLOG],2010,2011,22
All Things Considered,1971,2025,7407
Amanpour Hour (CNN) The,2023,2024,14
America's Newsroom,2023,2024,28
American Banker,1982,2022,5147
American Banker (pre-1997 Fulltext),1987,1996,5048
American Israelite The,2011,2023,50
American Prospect Blogs The,2018,2025,3069
Americas Blog The,2018,2022,16
Anchorage Daily News,1985,2011,706
Anderson Independent Mail,2012,2025,717
Anniston Star,1991,1992,5
Apalachicola Times,2013,2013,4
Appeal [BLOG] The,2024,2024,4
Argus Leader,1999,2025,7200
Arizona Business Gazette,1999,2020,510
Arizona Daily Star,1990,2017,650
Arizona Mirror,2021,2025,541
Arizona Republic,1999,2025,19969
Arkansas Advocate [BLOG],2023,2025,215
Arkansas Watch [BLOG],2021,2021,1
Asbury Park Press,1999,2025,10458
Asheville Citizen - Times,1999,2025,5368
Atlanta Constitution (pre-1997 Fulltext) The,1995,1995,205
Atlanta Constitution The,1989,2001,2315
Atlanta Daily World (1932-),1932,2009,6684
Atlanta Daily World (Online),2012,2025,459
Atlanta Journal (pre-1997 Fulltext) The,1995,1995,108
Atlanta Journal - Constitution (Online) The,2017,2025,2322
"Atlanta Journal - Constitution Blogs (Atlanta, GA)",2014,2014,7
Atlanta Journal - Constitution The,2002,2025,12523
Atlanta Journal The,1989,2001,761
Atlanta Journal the Atlanta Constitution (pre-1997 Fulltext) The,1995,1996,1180
Atlanta Journal the Atlanta Constitution The,1989,2002,2977
Atlanta World (1931-1932),1932,1932,3
Auburn Reporter (Online),2023,2025,16
Augusta Chronicle The,1996,2010,986
Austin Bulldog The,2010,2022,24
Axios,2019,2025,12454
Babbage (Podcast),2024,2024,8
Bainbridge Island Review (Online),2023,2025,138
Baltimore Sun (Online) The,2017,2025,1840
"Baltimore Sun Blogs (Baltimore, MD)",2014,2015,4
Baltimore Sun The,1990,2025,24021
Bangor Daily News,1993,2025,3727
Banner The,2007,2023,202
Barron's,1975,2025,40364
Barron's (Online),2018,2025,87322
BatesLine [BLOG],2019,2025,5
Battle Creek Enquirer,2001,2025,2463
Baxter Bulletin,2005,2014,7
Bay State Banner,1992,2007,87
Bay State Banner (1965-1979),1966,1979,205
Beaufort Gazette The,2009,2009,2
Beaumont Enterprise,2004,2011,733
Bellevue Reporter (Online),2024,2025,20
Bennington Banner,2006,2016,2542
Berkshire Eagle The,2006,2016,2220
Billings Gazette The,1988,2024,3912
Bismarck Tribune,2003,2025,4794
BizWest,2014,2025,418
Blade The,2005,2025,4262
Bluestem Prairie [BLOG],2018,2025,205
Bohemio News,2005,2005,1
Boston Banner The,2008,2025,405
Boston Daily Globe (1923-1927),1923,1927,546
Boston Globe,1989,2025,22221
Boston Globe (1960-),1960,1993,44550
Boston Globe (Online),2013,2025,9606
Boston Globe (pre-1997 Fulltext),1980,1996,26546
Boston Herald,1991,2011,789
Boston.com,2022,2025,251
Bothell/Kenmore Reporter (Online),2024,2025,6
Boulder County Business Report,1987,2013,283
Bozeman Daily Chronicle,2010,2015,2136
Brad Blog The,2018,2025,176
Brattleboro Reformer The,2006,2016,1820
Brian Lehrer Show The,2006,2025,1332
Broomfield Enterprise,2010,2018,39
Broward Palm Beach New Times (Online),2022,2024,10
"Broward Politics [Sun Sentinel, Fort Lauderdale, Florida - BLOG]",2009,2011,5
Brush - Morgan County News - Tribune,2013,2019,32
Bucks County Courier Times,2007,2009,615
Buffalo News,1992,2017,2845
"Buffalo News Blogs (Buffalo, NY)",2014,2014,1
Bulletin,1996,1997,7
Burlington County Times,1992,2009,127
Burlington Free Press The,1999,2025,3603
Burlington Record The,2013,2013,4
Business Atlanta,1985,1992,48
Business Journal - Central New York The,1987,2025,965
Business Journal The,1992,1998,42
Business NH Magazine,1987,2025,330
Business News Americas,2011,2011,51
Business People,1992,2024,53
Business Press The,1996,2008,51
Business Wire,1988,2025,122587
Business Wire en Espanol,2014,2022,6
Business in Broward,1995,2004,3
"Business, North Carolina",1985,2025,289
BusinessWest,1992,2025,874
CALmatters,2018,2023,393
CBS Special Report,2024,2025,113
CNN 10,2021,2023,14
CNN Commentary,2017,2025,5051
CNN News Central (CNN),2023,2024,482
CNN NewsNight With Abby Phillip (CNN),2023,2024,46
CNN Spanish Wire,2019,2022,18
CNN This Morning,2023,2025,983
CNN Wire Service,2015,2025,46666
CalWatchdog [BLOG],2018,2019,5
California Newswire,2009,2024,71
Call & Post,1990,2025,656
Call (1933-) The,1935,2008,1700
Call and Post (1962-1982),1962,1982,980
Call and Post (1982-),1982,2010,536
Capital,2004,2024,5903
Capital Gazette,2024,2025,650
Capital Watch [Hartford courant - BLOG],2009,2014,14
Carlsbad Current - Argus,2010,2024,738
Carroll County Times,1993,2023,218
Center Square : Alabama [BLOG] The,2023,2025,17
Center Square : Alaska [BLOG] The,2023,2025,34
Center Square : Arkansas [BLOG] The,2023,2025,24
Center Square : Connecticut [BLOG] The,2023,2025,17
Center Square : Delaware [BLOG] The,2023,2025,16
Center Square : Idaho [BLOG] The,2023,2025,19
Center Square : Kentucky [BLOG] The,2023,2025,26
Center Square : Maryland [BLOG] The,2023,2025,24
Center Square : Massachusetts [BLOG] The,2023,2025,19
Center Square : Mississippi [BLOG] The,2023,2025,23
Center Square : National Stories [BLOG] The,2023,2025,1220
Center Square : North Dakota [BLOG] The,2023,2025,22
Center Square : Rhode Island [BLOG] The,2023,2025,14
Center Square : South Dakota [BLOG] The,2023,2025,26
Center Square : Utah [BLOG] The,2023,2025,16
Center Square : Wyoming [BLOG] The,2023,2025,45
Central Business,1988,1995,47
Central Penn Business Journal,1992,2025,1302
Change of Subject [Chicago Tribune - BLOG],2010,2011,36
Charleston Daily Mail,1998,2015,4691
Charleston Gazette - Mail,2015,2025,2751
"Charleston Gazette Blogs (Charleston, WV)",2014,2014,1
Charleston Gazette The,1998,2015,7505
Chattanooga Times Free Press,2008,2012,1093
Chicago Daily Defender (Big Weekend Edition) (1966-1973),1968,1973,218
Chicago Daily Defender (Daily Edition) (1960-1973),1960,1973,612
Chicago Daily Tribune (1923-1963),1923,1963,24325
Chicago Defender,1989,2017,225
Chicago Defender (Big Weekend Edition) (1973-),1973,1980,1214
Chicago Defender (Daily Edition) (1973-),1973,2010,5441
Chicago Defender (National edition) (1921-1967) The,1923,1967,600
Chicago Defender (Online),2008,2025,477
Chicago Sun - Times,1985,2007,6145
Chicago Tribune,1989,2025,78095
Chicago Tribune (1963-1996),1963,1996,106289
Chicago Tribune (1997-),1997,2015,25152
Chicago Tribune (Online),2017,2025,7089
Chicago Tribune (pre-1997 Fulltext),1985,1996,92591
Chicano Weekly  El,2009,2024,58
Chillicothe Gazette,2003,2025,1572
Chris Wallace Show (CNN) The,2023,2024,12
Christian Science Monitor  (1908-) The,1923,2011,25455
Christian Science Monitor (pre-1997 Fulltext),1990,1996,5027
"Christian Science Monitor, The",1980,2025,21838
Cincinnati Enquirer,1999,2025,8872
Cincinnati Enquirer (1923-),1923,2009,106214
Cincinnati Post,1993,2007,1567
Cincinnati Post (2007-Current),2007,2007,41
Citizen Tribune,1995,1995,1
Citizens' Voice,2006,2024,6068
City Hall Scoop [St. Paul Pioneer Press - BLOG],2011,2011,1
Claman Countdown The,2024,2024,28
"Clarion Ledger, The",1999,2025,4367
Cleveland Call and Post (1934-1962),1938,1962,205
Clout Street [Chicago Tribune - BLOG],2010,2011,3
Coast Business,1992,2000,36
Coastal Business Chronicle,1995,1995,3
Coda Story [BLOG],2023,2025,6
Code Switch (Podcast),2017,2024,5
Code Switch [BLOG],2021,2021,1
Colorado Daily,2010,2017,41
Colorado Daily (Online),2017,2019,40
Colorado Newsline,2020,2025,703
Colorado Peak Politics [BLOG],2018,2023,233
"Colorado Springs Business Journal (Pre- June 2, 2012) The",1994,2012,390
ColoradoBiz,1986,2006,109
Columbia Basin Bulletin [BLOG],2024,2024,27
Columbia Daily Tribune,2006,2013,951
Columbian,1995,2025,12598
Columbus Dispatch,1992,2008,867
Comercio  El,2007,2007,1
Commercial Appeal (2007-Current) The,2007,2014,153
Commercial Appeal The,1995,2025,8245
Concord Monitor,1993,2020,1737
Conexion,2006,2006,1
Connecticut Post,2004,2009,238
Consider This From NPR (podcast),2020,2025,323
Contra Costa Times,2010,2016,1247
Conversation U.S. The,2020,2024,2784
Corporate Detroit,1986,1997,70
Corporate Report Wisconsin,1992,2012,58
Corpus Christi Caller - Times,1999,2025,6526
Coshocton Tribune,2003,2025,1731
Courier (1950-1954),1950,1954,71
Courier - Journal,1999,2025,6477
Courier - News,1999,2025,3462
Courier Post,1999,2025,4805
Courier The,2008,2016,802
Courier-Herald (Online) The,2023,2025,86
Courier-Journal (1923-) The,1923,2001,77287
Covington-Maple Valley Reporter (Online),2023,2025,76
Cox News Service,1998,1999,27
Crain's Chicago Business,1983,2025,1815
Crain's Cleveland Business,1986,2025,985
Crain's Detroit Business,1986,2025,1501
Crain's New York Business,1986,2025,1059
Creators Syndicate,2010,2025,1482
Crestview News Bulletin,2013,2015,84
Crime Blog [Dallas Morning News - BLOG],2010,2010,1
D,1988,1988,1
Daily (Podcast) The,2019,2025,1515
Daily Advance,2007,2008,3
Daily Advertiser The,2002,2025,3708
Daily Beast The,2012,2025,3116
Daily Boston Globe (1928-1960),1928,1960,14084
Daily Breeze,2000,2019,5881
Daily Camera (Online),2016,2019,253
Daily Camera The,2010,2019,914
Daily Chronicle The,1995,1995,1
Daily Defender (Daily Edition) (1956-1960),1956,1960,337
Daily Herald,1997,2025,25509
Daily Herald (Online) The,2023,2025,1061
Daily Herald The,1993,1993,1
Daily Journal,2000,2025,1857
Daily Journal World,2008,2025,1369
Daily Montanan,2021,2025,772
Daily News,1992,2019,5499
Daily News Journal The,1999,2025,1962
Daily News The,2004,2025,2062
Daily Press,1989,2025,9014
Daily Progress The,2007,2010,11
Daily Record,1999,2025,4396
Daily Reflector,2005,2008,24
Daily Reporter The,2001,2025,828
Daily Review,2006,2015,329
Daily Sentinel,2005,2010,74
Daily Sentinel The,2008,2010,4
Daily Times,2002,2025,4919
Daily Tribune The,2003,2025,1919
Daily Views [The Charlotte Observer - BLOG] The,2009,2009,1
Daily Watch,2017,2019,4
Daily World (web site) The,2023,2025,232
Daily World The,2004,2025,670
Dakota Free Press [BLOG],2018,2024,340
Dallas City Hall Blog [Dallas Morning News - BLOG],2010,2011,6
Dallas Morning News,1995,1999,1056
Dallas Observer (Online),2020,2024,261
Dalles Chronicle The,1993,1993,2
"Data Watch [The Daily Oklahoman, Oklahoma City, Oklahoma - BLOG]",2009,2009,1
Dayton Business Reporter,1993,1997,5
Dayton Daily News,1993,2018,7944
Dayton Daily News (Online),2017,2025,1501
"Daytona Beach News - Journal, The",2002,2016,2156
Delaware Capitol Review,1992,2004,47
"Deming Headlight, The",2010,2022,377
Democracy Labs [BLOG],2023,2025,18
Denver Post,1988,2016,1250
Denver Post (pre-1997 Fulltext),1989,1996,741
Des Moines Business Record,1985,2007,314
Des Moines Register,1999,2025,10340
Deseret News,2003,2019,9492
Desert Sun The,1999,2025,5859
Destin Log The,2014,2015,70
Destin.com,2015,2015,42
Detroit Free Press,1994,2025,12700
Detroit Free Press (1923-),1923,1999,88201
Detroit News,1989,2011,1044
Detroit News and Detroit Free Press The,1990,1996,31
Detroiter The,1991,1998,119
Diablo Business,1990,1992,8
Diario La Prensa  El,2005,2024,35
Dispatch The,2008,2015,73
DocumentedNY,2025,2025,2
Dogged [Milwaukee Journal Sentinel - BLOG],2011,2011,2
Duluthian The,1993,1993,1
EFE News Service,2008,2025,10170
East Bay Times,2016,2019,409
East County Times,2010,2011,14
Eastside Journal,1994,1996,6
Economist Asks (Podcast) The,2020,2022,8
Economist Video,2020,2025,162
Economist: Newsbook Blog The,2014,2014,2
Economist: Schumpeter Blog The,2014,2014,7
Editor's Desk [Saint Louis Post-Dispatch - BLOG] The,2010,2010,2
El Paso Times,2010,2025,2131
El Paso Times  ,2010,2023,151
El Tecolote,2021,2022,7
El Vocero de Puerto Rico,2022,2025,20
Elimparcial.com,2017,2017,8
Engadget,2015,2021,110
Enterprise The,1992,2023,1020
Environment News Service,2010,2022,26
Estes Park Trail - Gazette The,2010,2019,101
Evansville Business Journal,1994,1994,1
Evansville Courier,1993,1998,111
Evansville Courier & Press,1999,2025,2775
Evansville Courier & Press (2007-Current),2007,2014,38
Evening News The,1995,1997,17
Evening Sun The,1990,2025,3786
Executive Report,1985,1997,71
Extra,2008,2015,14
"Eye on Boise [The Spokesman-Review, Coeur d'Alene, Idaho - BLOG]",2010,2017,87
"Eye on Olympia  [The Spokesman-Review, Coeur d'Alene, Idaho - BLOG]",2010,2010,1
Fairfield County Business Journal,1987,2020,454
Fayetteville Observer,1992,1997,18
Federal Way Mirror (Online),2023,2025,68
First Move with Julia Chatterley,2023,2025,436
First of All With Victor Blackwell (CNN),2023,2023,3
Flint Journal The,1995,1995,1
Florida Bulldog [BLOG],2019,2025,10
Florida Newswire,2009,2022,32
Florida Times Union,1996,2019,968
Florida Today,1999,2025,6858
Florida Trend,1986,2025,360
Forks Forum (Online),2024,2025,5
Fort Collins Coloradoan,1999,2025,4618
Fort Morgan Times The,2010,2019,124
Fort Worth Report,2022,2025,408
Fort Worth Star - Telegram,1995,2001,1335
Forum,1994,1996,5
Forward,1994,2017,814
Fox & Hounds [BLOG],2018,2020,59
Fox And Friends,2023,2025,39
Free Press / Jones Post,2012,2015,33
Fresh Air,2008,2025,269
Fresno Bee The,1995,2011,931
Frontera.info,2017,2017,8
Gadsden Times,2008,2016,210
Gainesville Sun,2004,2016,3753
Gannett News Service,1998,2018,5416
Gaston Gazette,2012,2015,38
Gazette The,1988,2024,5688
Gazette Times (1905-1926) The,1923,1926,458
Georgia Trend,1986,2025,392
Gist [BLOG] The,2020,2020,1
Gleaner The,2011,2025,1496
Globe,1993,1996,7
Gothamist,2022,2023,284
Grand Forks Herald,1992,2015,399
Grand Island Independent,1995,1997,8
Grand Rapids Business Journal,1985,2022,1146
Grand Rapids Press The,1990,2008,1299
Great Falls Tribune,1999,2025,3164
Greater Lansing Business Monthly,1992,2018,66
Green Bay Press Gazette,1999,2025,5556
Greensboro News Record,1989,2008,1448
Greenville News The,1999,2025,6405
Greenwich Time,2003,2011,32
Greg Gutfeld Show The,2023,2025,163
Hampton Roads Business Contact,1994,1997,8
Harford Business Ledger,1993,1995,11
Hartford Courant,1992,2025,13857
Hartford Courant (Online),2017,2025,2006
"Hartford Courant Blogs (Hartford, CT)",2014,2014,2
Hattiesburg American,2000,2025,1208
Havelock News,2013,2015,6
Hawaii Business,1985,2025,295
Hell Gate,2023,2024,19
Herald,1991,2011,275
"Herald - Times, The",2010,2013,214
Herald Sun with Chapel Hill Herald,2007,2017,250
Herald The,2001,2015,483
Herald Times Reporter,2002,2025,2645
High Country News,2002,2020,65
Hispanic,1992,2007,74
Hispanic PR Wire,2022,2025,29
Hola America,2007,2023,11
Holland Sentinel,1993,1993,3
Holmes County Times Advertiser / Washington County News,2012,2015,16
Home News Tribune,1999,2025,3348
Homer News (Online),2021,2025,186
Honolulu Advertiser,2000,2010,1278
Honolulu Civil Beat,2013,2016,47
Honolulu Star - Advertiser,2010,2025,4567
Honolulu Star - Bulletin,1992,2010,1213
Houston Chronicle,1993,2012,2381
Houston Chronicle (pre-1997 Fulltext),1985,1996,4123
Houston Post,1989,1995,84
Houston Press (Online),2021,2024,70
HuffPost,2017,2020,24
Huffington Post The,2015,2016,118
"Huntington Local [Newsday, Melville, New York - BLOG]",2009,2010,2
Hutchinson News The,2010,2016,53
Idaho State Journal,2009,2015,356
Idaho Statesman,1995,2001,183
Illinois Business Review,1979,1996,345
Imparcial  El,2004,2008,2
Independent,1994,1994,1
Independent en Español,2022,2025,6
Indian Country Today,1993,2010,144
Indian Country Today (1983-1988),1983,1988,41
Indian River Press Journal,2021,2023,15
Indiana Business Magazine,1985,2008,88
Indiana Business Review,1973,2025,1466
Indiana Capital Chronicle [BLOG],2023,2025,157
Indianapolis Business Journal,1985,2025,2827
Indianapolis News,1998,1999,20
Indianapolis Star,1991,2025,7262
Indianapolis Star (1923-),1923,2004,99430
Ingram's for Successful Kansas Citians,1988,1988,2
Inland Valley Daily Bulletin,2004,2019,1555
InsideClimate News,2017,2020,22
Insider,2018,2025,24985
Intelligence (Podcast) The,2020,2025,260
Intelligencer Journal,1991,2009,1103
Intelligencer Journal / Lancaster New Era,2009,2014,370
Intelligencer Journal Lancaster New Era,2008,2009,19
Intelligencer The,2007,2008,160
Inter - Mountain,1992,1992,1
Invisibilia (Podcast),2019,2022,2
Iowa Center [BLOG],2019,2022,15
Isa Soares Tonight,2023,2025,337
Island Packet The,2009,2011,17
Islands' Sounder (Online) The,2023,2025,24
Islands' Weekly (Online) The,2023,2024,23
Issaquah-Sammamish Reporter,2023,2025,5
It's Been a Minute with Sam Sanders,2019,2025,45
"It's Your Money [Sun Sentinel, Fort Lauderdale, Florida - BLOG]",2009,2011,48
Item The,2008,2016,43
Ithaca Journal The,1999,2025,2270
Jackson Sun The,2003,2025,1714
Janesville Gazette The,2007,2012,332
Jay Hancock's Blog [Baltimore Sun - BLOG],2009,2012,99
Jerusalem Post (Online) The,2017,2025,762
Jesse Watters Primetime,2023,2025,577
Jewish Advocate,1991,2016,103
Jewish Exponent,1991,2025,308
Jewish Journal,1993,2020,55
Journal,1993,1993,1
Journal & Courier,2002,2025,3863
Journal - Advocate,2010,2019,517
Journal - Gazette,2001,2019,1548
Journal Inquirer,1992,1994,12
Journal News,2005,2010,37
Journal News The,1999,2025,7348
Journal Record,1985,2025,22568
Journal Star,1991,2009,1361
Journal of Business,1992,2025,1825
"Journal of the San Juan Islands, (WA) (web site) The",2023,2025,109
Journal-News,2018,2025,828
Julesburg Advocate,2010,2019,28
Juneau Empire (Online),2023,2025,592
KSL.com,2017,2019,22
Kansas City Beacon,2022,2025,90
Kansas City Call (1922-1933),1923,1933,14
Kansas City Defender [BLOG] The,2025,2025,1
Kansas City Star,1995,2002,663
Kansas Reflector,2021,2025,827
Kennebec Journal,1995,2025,1881
Kennebec Journal and Morning Sentinel,2025,2025,29
Kent Reporter,2023,2025,39
Kentucky Manufacturer,1993,1994,9
Kirkland Reporter,2023,2025,5
Kitsap Sun,2011,2025,5958
Klamath Falls Herald & News,1995,1995,1
Knight Ridder Tribune Business News,2001,2006,34173
Knight Ridder Tribune News Service,2001,2006,4242
LNP,2014,2024,1167
La Crosse Tribune,1998,2015,149
La Raza del Noroeste (Online),2023,2023,2
Lacronica.com,2017,2017,8
Lafayette Business Digest,1993,2001,27
Lamar Ledger The,2012,2016,29
Lancaster Eagle - Gazette,2002,2025,1688
Lancaster New Era,1992,2009,1023
Lane Report The,1992,2025,567
Lansing State Journal,1999,2025,4775
Laredo Morning Times,2006,2008,13
Las Cruces Sun - News,2010,2025,10743
Las Cruces Sun - News  ,2010,2022,8042
Las Vegas Business Press,1987,2017,278
Las Vegas Review - Journal,1990,2012,9416
Las Vegas Sun,2006,2010,153
LatinoWire,2013,2013,2
Laura Coates Live (CNN),2023,2024,17
Leader - Herald,1995,1995,1
Leaf Chronicle The,2000,2025,1723
Ledger - Star,1994,1994,1
Ledger The,2004,2016,7044
Lens [BLOG] The,2024,2025,4
"Life, Liberty, Levin",2023,2025,161
Light of Liberty [The Lima News - BLOG],2011,2011,2
Lima News,2007,2022,891
Lincoln Journal Star,1996,2012,2269
Lincoln Star,1993,1993,1
Live Event,2023,2025,235
Livingston County Daily Press & Argus,2007,2025,1702
Longview News - Journal,2005,2009,40
Los Angeles Magazine,1990,2022,5
Los Angeles Sentinel,1991,2025,373
Los Angeles Sentinel (1934-),1936,2010,2556
Los Angeles Times,1988,2025,60627
Los Angeles Times (1923-1995),1923,1995,171559
Los Angeles Times (1996-),1996,2000,19366
Los Angeles Times (Online),2017,2025,9391
Los Angeles Times (pre-1997 Fulltext),1985,1996,81116
LouisianaVoice [BLOG],2020,2025,21
Louisville,1985,2018,29
Louisville Defender (1933-) The,1951,2010,1909
LuLac Political Letter [BLOG] The,2018,2025,153
Lufkin Daily News,2005,2010,26
MN Political Roundtable [BLOG],2019,2022,6
Madison Capital Times,1992,2025,4851
"Madison Taylor [The Times-News, Burlington, North Carolina - BLOG]",2010,2010,1
"Mail Tribune Blogs (Medford, OR)",2014,2014,1
Maine Times,1994,2002,43
Marco Island Eagle,2021,2025,225
Marin Independent Journal,2013,2019,185
Marion Star,2002,2025,1794
Marketplace,1994,2009,66
Marshall News Messenger The,2005,2009,8
Marshall Project The,2016,2024,44
Marshfield News Herald,2003,2025,2011
Maryland Gazette,2004,2024,809
Maryland Matters [BLOG],2023,2025,167
MarylandReporter.com [BLOG],2018,2025,68
Massachusetts Newswire,2009,2014,14
Matters of Opinion [The Buffalo News - BLOG],2010,2010,2
McClatchy - Tribune Business News,2006,2014,97000
McClatchy - Tribune News Service,2006,2014,5765
McClatchy Washington DC News Bureau,2009,2011,44
McHenry County Blog,2018,2021,90
Mecklenburg Times The,2014,2025,518
Meet the Press,1965,2012,690
Merced Sun - Star,2009,2011,5
Mercer Business,1985,2010,88
Mercer Island Reporter (Online),2023,2025,22
Mercury News The,2016,2019,696
Messenger,1992,1992,2
Messenger Inquirer,2005,2020,1900
Miami Herald,1999,2001,16
Miami New Times (Online),2020,2024,113
"Michael Fitzgerald's Blog [The Record, Stockton, California - BLOG]",2009,2014,7
Michigan Chronicle,1994,2025,952
Michigan Chronicle (1939-2010),1940,2010,1916
Michigan Chronicle (Online),2012,2025,797
Mid - America Commerce & Industry,1994,2017,40
MidJersey Business,2013,2017,34
Middlesex Magazine & Business Review,1995,1998,12
Middletown Journal,2006,2010,30
Milwaukee Courier,2010,2025,355
Milwaukee Journal Sentinel,1995,2009,13701
MinnPost.com,2008,2025,3063
Minneapolis Daily Star (1924-1928),1924,1928,150
Minneapolis Morning Tribune (1909-1930) The,1923,1930,845
Minneapolis Morning Tribune (1939-1964) The,1939,1964,14344
Minneapolis Star (1928-1939) The,1928,1939,2154
Minneapolis Star (1947-1982),1947,1982,42104
Minneapolis Star and Tribune (1982-1987),1982,1987,11367
Minneapolis Star-Journal (1939-1947),1939,1947,4459
Minneapolis Tribune (1930-1939) The,1930,1939,6008
Minneapolis Tribune (1964-1982),1964,1982,49474
Minnesota Daily Star (1920-1924),1923,1924,66
"Mississippi Business Journal (pre-Aug 20, 2012) The",1986,2012,282
Mississippi Business Journal The,2013,2022,217
Missoulian,1992,2025,1107
Moderate Voice [BLOG] The,2018,2025,177
Modesto Bee The,2003,2011,110
Montana Business Quarterly,1980,2021,570
Montana Post [BLOG] The,2018,2022,18
Montgomery Advertiser,1995,2025,5227
Morning Call,1984,2025,13350
Morning Call (Online) The,2017,2025,1640
Morning Edition,1990,2025,8550
Morning News Tribune,1993,1993,84
Morning Sentinel,1994,2025,5062
Morning Star,1996,2003,1145
Mpls. St. Paul,2008,2023,7
Muslim Journal,2004,2025,147
NC Newsline [BLOG],2023,2025,419
NJ Spotlight News,2022,2025,920
NJBIZ,1996,2025,1921
NOTIMEX,2007,2019,522
NPR Ed [BLOG],2017,2018,14
NPR Ombudsman [BLOG],2019,2025,34
NPR Politics,2016,2018,5
NPR Politics Podcast,2019,2025,916
Naked Politics [The Miami Herald - BLOG],2009,2009,1
Napa Register The,1996,1996,2
Naples Daily News,2011,2025,2664
Nashville Banner,1995,1998,307
Nashville Tennessean (1923-1972),1923,1972,23917
Nebraska Examiner [BLOG],2023,2025,331
Nevada Current,2020,2025,819
New - York Tribune (1923-1924),1923,1924,353
New England Business,1976,1992,115
New Hampshire Business Review,1985,2025,955
New Hampshire Sunday News,2010,2017,203
New Haven Business Times,1985,2008,42
New Haven Register,1992,2025,2800
New Jersey Business,1992,2025,740
New Jersey Monitor [BLOG],2023,2025,174
New Journal & Guide,2003,2016,4
New Journal and Guide (1916-),1923,2009,2591
New Mexico Business Journal,1989,1996,5
New Orleans Business,1985,1986,12
New Orleans CityBusiness,1985,2025,2438
New Orleans Magazine,1993,2010,14
New Pittsburgh Courier,1991,2025,1262
New Pittsburgh Courier (1966-1981),1966,1981,1463
New Pittsburgh Courier (1981-),1981,2010,885
New Pittsburgh Courier (Online),2009,2025,1411
New York Amsterdam News,1989,2025,858
New York Amsterdam News (1922-1938) The,1925,1938,29
New York Amsterdam News (1938-1941),1939,1939,1
New York Amsterdam News (1943-1961),1943,1961,264
New York Amsterdam News (1962-),1962,2010,1742
New York Amsterdam Star-News (1941-1943),1942,1943,15
New York Daily News,1993,2025,5333
New York Herald Tribune (1926-1962),1926,1962,32881
"New York Herald, New York Tribune (1924-1926) The",1924,1926,628
New York Observer The,2001,2025,1095
New York Post,1998,2018,1061
New York Times,1980,2025,335409
New York Times  (1923-),1923,2021,265245
New York Times (Online),1996,2025,243215
New York Times (Video),2017,2025,20
New York Times Book Review,1988,2025,889
New York Times Español,2022,2025,4
New York Times Magazine,1989,2025,1212
Newhouse News Service,1998,2008,150
News,1992,2000,24
News & Observer,1992,2012,1318
News - Item The,2006,2015,748
News - Messenger The,1999,2025,1424
News - Reporter,2013,2018,23
News - Review,1992,1997,7
News - Star,2001,2025,1870
"News - Times, The",2009,2011,8
News Chief,2013,2016,10
News Gazette,2000,2019,1931
News Herald,2003,2025,551
News Herald The,2005,2017,863
News Journal,1995,2025,1929
"News Journal, The",1999,2025,6574
News Leader The,1999,2025,1533
News Press The,1999,2025,7604
News Sentinel,1994,2025,3443
News Sun,1997,1997,2
News Tribune The,1993,2011,563
Newsday,1985,2025,31565
Newsweek,2013,2025,560
Nieman Journalism Lab [BLOG],2019,2025,60
North Adams Transcript,2006,2014,463
North Jersey Herald News,2016,2025,607
North Kitsap Herald,2023,2024,8
Northeastern Wisconsin Business Review,1992,1993,2
Northern Colorado Business Report,1997,2013,174
Northern New Jersey Business,1994,1995,11
Northwest Florida Daily News,1988,2016,4530
Northwoods River News The,2011,2015,21
Noticias Financieras,2005,2012,855
NoticiasFinancieras,2004,2018,13291
OC Metro Business,1994,2006,107
Oakland Post,1992,2025,289
Oakland Post (1968-1981),1968,1981,852
Oakland Press,1993,1997,25
Oakland Tribune,2003,2019,7307
"Oakland Tribune Blogs (Oakland, CA)",2014,2014,2
Ocala Star - Banner,2004,2016,3086
Ocean County Observer,2003,2008,485
Oklahoma Voice [BLOG],2023,2025,252
Oklahoma Watch [BLOG],2018,2025,67
Omaha World - Herald,1983,2010,1414
On Money [Chicago Tribune - BLOG],2011,2011,6
On The Media,2005,2025,157
One Nation With Brian Kilmeade,2023,2025,100
One World with Zain Asher and Bianna Golodryga (CNN),2023,2024,43
Opinion  La,1992,2024,67
Opinion Blog [The Dallas Morning News - BLOG],2009,2012,33
"Opinion Blog [The Sun-News, Myrtle Beach, South Carolina - BLOG] The",2009,2011,20
Orange County Business Journal,1985,2025,1511
Orange County Register,1986,2019,5165
Oregon Capital Chronicle [BLOG],2023,2025,236
Oregonian The,1989,2016,3099
Orlando Sentinel,1985,2025,33659
Orlando Sentinel (Online),2017,2025,1755
Oshkosh Northwestern,2002,2025,2471
Outstate Business,1992,1994,5
PBS Washington Week,2023,2025,35
PR Newswire,1992,2025,157174
Pacific Daily News,2003,2016,40
Palladium - Item,1999,2025,2080
"Palm Beach Post Blogs (Palm Beach, FL)",2014,2014,2
Pantagraph,1990,2025,11453
Parallels [BLOG],2017,2018,5
Parkersburg News The,1993,1996,7
Parkersburg Sentinel,1993,1997,8
Pasadena Star - News,2004,2019,1267
Patriot - News The,1986,2017,1711
Patriot Ledger The,1992,2011,686
Patriot The,1995,1996,164
Peninsula Clarion (Online),2023,2025,219
Peninsula Daily News (Online),2023,2025,271
"Pennsylvania Ave [Morning Call, Allentown, Pennsylvania - BLOG]",2009,2011,4
Pennsylvania Business and Technology,1993,1993,1
Pensacola News Journal,1999,2025,5781
People's Weekly World (1990-2013),2010,2013,8
Philadelphia Daily News,1983,2025,4330
"Philadelphia Daily News Blogs (Philadelphia, PA)",2014,2014,3
Philadelphia Inquirer,1983,2025,22593
"Philadelphia Inquirer Blogs (Philadelphia, PA)",2014,2015,13
Philadelphia Tribune,1991,2025,9494
Philadelphia Tribune (1912-),1926,2010,4491
Phoenix Gazette,1989,1997,935
Phoenix New Times (Online),2019,2024,149
Pittsburgh Courier (1911-1950) The,1923,1950,280
Pittsburgh Courier (1955-1966),1955,1966,80
Pittsburgh Gazette Times (1925-1927),1926,1927,274
Pittsburgh Post (1859-1927) The,1923,1927,518
Pittsburgh Post - Gazette,1993,2025,28490
"Pittsburgh Post - Gazette Blogs (Pittsburgh, PA)",2014,2015,4
Pittsburgh Post-Gazette (1927-),1927,1960,13143
Plain Dealer The,1989,2017,2312
Plainly Speaking [New Haven Register - BLOG],2010,2010,2
Planet Money,2008,2025,4515
Plymouth County Business Review,2007,2007,1
Political Animal [Saint Paul Pioneer Press - BLOG] The,2010,2010,3
Political Fix [Saint Louis Post-Dispatch - BLOG],2009,2010,3
Politico,2007,2024,40102
Politics Now [The Buffalo News - BLOG],2010,2011,2
Port Orchard Independent (Online),2023,2025,18
Port St. Lucie News Tribune,2021,2025,260
Portland Press Herald,1995,2025,9775
Portland Press Herald (Online),2025,2025,14
Post - Crescent The,1999,2025,5907
Post - Standard The,1995,2016,450
Post - Tribune The,2000,2008,271
Post Journal,1994,1996,14
Post and Courier The,1995,2013,1846
Poughkeepsie Journal The,1999,2025,4902
Prensa  La,1991,2025,330
Prensa San Diego  La,2006,2018,110
Prensa de Minnesota  La,2016,2016,2
Press,2002,2025,2363
Press & Sun-Bulletin,1999,2025,4028
Press - Citizen,1999,2025,2582
Press - Enterprise The,1994,2009,280
Press - Telegram,2005,2019,1814
Press Democrat The,1994,2025,3604
Press of Atlantic City,2006,2016,479
ProPublica,2008,2025,391
Progress - Index The,2006,2014,306
Progress Michigan [BLOG],2022,2022,4
Project Syndicate,2015,2018,2476
Providence Journal The,1983,2015,1832
Providence Sunday Journal The,1998,1999,14
Public Opinion,2010,2025,1860
Public Record The,1995,2025,1367
Pueblo Business Journal The,1994,2004,15
Puget Sound Business Journal,1985,2004,135
Quad - State Business Journal,1992,2009,115
Quincy Herald - Whig,1992,1997,22
Radio Ambulante,2017,2024,16
Raza  La,2019,2024,15
Reading Eagle,2008,2009,21
Record Courier,1996,1996,2
Record Searchlight,2011,2025,1090
Record The,1992,2024,13501
Redlands Daily Facts,2004,2019,1248
Redmond Reporter (Online),2025,2025,3
Reflejos,2007,2010,7
Regardie's,1988,1992,12
Register - Guard The,1992,2024,2979
Religion News Service,1998,1998,1
Reno Gazette - Journal,1999,2025,7775
Renton Reporter (Online),2023,2025,71
Reporter Newspapers & Atlanta Intown [BLOG],2023,2025,85
Reporter The,1999,2025,2376
Republican & Herald,2008,2024,5804
Rhinelander Daily News,1998,2009,18
Rhode Island Current [BLOG],2023,2025,396
Richmond Times - Dispatch,1985,2011,1445
"Right Here in River City [The Telegraph, Alton, Illinois - BLOG]",2011,2011,1
Roanoke Times & World News,1995,1995,15
Roanoke Times The,1995,2014,299
Rochester Beacon [BLOG],2023,2025,30
Rochester Democrat and Chronicle,1999,2025,6964
Rocky Mount Telegram,2005,2008,47
Rocky Mountain News,1997,2007,671
Rocky Mountain News (2007-Current),2007,2009,67
Rough Translation,2020,2020,1
Ruidoso News,2010,2024,569
SBN Akron,1997,2001,3
SBN Philadelphia,1995,1997,5
SBN Stark,1995,1998,5
Sacramento Bee The,1988,2012,1235
Saint Paul Pioneer Press,2010,2019,2953
Salina Journal The,2005,2008,251
Salinas Californian The,2002,2025,1552
Salt Lake Business Journal,2023,2023,61
Salt Lake Tribune (Online) The,2017,2017,84
Salt Lake Tribune The,1990,2025,14352
Salt [BLOG] The,2016,2018,4
San Antonio Express-News,1989,2011,3611
San Diego Business Journal,1986,2025,1149
San Diego Tribune,1983,1992,416
San Diego Union - Tribune The,1992,2010,2020
San Diego Union The,1983,1992,1253
San Francisco Business,1985,1994,40
San Francisco Chronicle,1989,2011,792
San Francisco Chronicle (pre-1997 Fulltext),1985,1996,4029
San Francisco Examiner,1995,2025,3711
San Francisco Examiner (Online) The,2018,2021,65
San Francisco Public Press,2009,2022,80
San Gabriel Valley Tribune,2004,2019,2164
San Jose Mercury News,2010,2016,684
"San Jose Mercury News Blogs (San Jose, CA)",2014,2014,3
San Ramon Valley Times,2010,2011,2
Santa Fe New Mexican The,1994,2025,2245
Santa Rosa Press Gazette The,2014,2015,16
Sarasota Herald Tribune,1996,2017,3595
Saturday Weekend News,2023,2025,42
Savannah Business Journal,1994,1997,5
Savannah Morning News,1999,2016,382
Seattle Post - Intelligencer,1990,2009,1504
Seattle Times,1984,2008,4391
Seattle Weekly (Online),2025,2025,3
Seattlepi.com,2009,2009,1
Send2Press Newswire,2010,2024,96
Sentinel,1994,1994,3
Sentinel  El,2002,2004,3
Sentinel & Enterprise,2005,2018,1392
Sequim Gazette (Online),2023,2025,83
Shasta Scout [BLOG],2025,2025,4
Shelby Star,2014,2015,30
Shots [BLOG],2016,2025,142
Sierra Nevada Ally [BLOG] The,2024,2025,18
Silver City Daily Press,2010,2022,198
Small Business News,1995,1999,5
Smart Business Akron/Canton,2003,2018,19
Smart Business Cleveland,1994,2025,256
Smart Business Columbus,1995,2024,63
Smart Business Pittsburgh,1997,2025,158
Snoqualmie Valley Record (Online),2023,2025,57
Source New Mexico [BLOG],2023,2025,232
Source With Kaitlan Collins (CNN) The,2023,2024,23
South Bend Tribune,1992,2012,1191
South Dakota Business Review,1979,2006,111
South Dakota Searchlight [BLOG],2022,2025,426
South Florida Sun - Sentinel,1985,2025,32781
South Whidbey Record (Online),2023,2025,19
Southern California Business,1985,1996,21
Southern California Record [BLOG] The,2023,2025,26
Spartanburg Herald - Journal,1992,2016,1906
Spectrum The,2004,2025,3871
"Spin Control [The Spokesman-Review, Spokane, Washington - BLOG]",2010,2016,40
"Spin Cycle [Newsday, Melville, New York - BLOG]",2011,2011,1
"Spokesman - Review Blogs (Spokane, WA)",2014,2018,38
Spokesman Review,1992,2025,5305
Springfield Business Journal,1987,2000,73
Springfield News - Sun,2006,2025,906
Springfield News Leader,1999,2025,5320
St. Cloud Times,1999,2025,5106
St. Joseph News - Press,2000,2023,11429
St. Louis American (1949-2010) The,1950,2010,61
St. Louis Commerce Magazine,1992,2007,64
St. Louis Post - Dispatch,1989,2025,18414
St. Louis Post - Dispatch (pre-1997 Fulltext),1988,1996,10044
St. Louis Post-Dispatch (1923-),1923,2003,120537
"St. Louis Post-Dispatch Blogs (St Louis, MO)",2014,2014,1
Standard - Speaker,2008,2024,5202
Standard Times,1992,2025,1157
Star - Gazette,1999,2025,1955
Star - News,2003,2016,913
Star Press,2000,2025,3299
Star The,2014,2015,32
Star Tribune,1986,2025,23845
Star Tribune (1987-),1987,2001,23527
"Star Tribune Blogs (Minneapolis, MN)",2014,2015,9
State Journal Register,1993,2010,1432
State Journal The,1993,2024,808
State of Ukraine,2022,2022,7
State of the Race with Kasie Hunt (CNN International),2023,2024,97
Stateline [BLOG],2023,2025,136
Statesman Journal,1999,2025,5635
Stevens Point Journal,2003,2025,1985
Strictly Business [The Buffalo News - BLOG],2010,2010,4
"Stu Ellis [Herald & Review, Decatur, Illinois - BLOG]",2010,2010,4
Stuart News The,1993,2025,3900
Sun Journal,2006,2025,5824
Sun Journal The,2013,2017,28
Sun The,1992,2019,4182
Sunday Gazette - Mail,1998,2019,2539
Sunday News,1995,2014,472
Sunday Night in America (Fox News),2023,2024,13
Sunday Patriot - News The,1986,2010,259
Sunday Weekend News,2023,2025,46
Syracuse Herald American,1995,2001,35
Syracuse Herald Journal,1995,2001,62
TCA News Service,2014,2025,7493
TCA Opinion,2017,2021,51
TCA Regional News,2014,2025,154202
TED Radio Hour (Podcast),2015,2023,4
Takeaway The,2009,2023,193
Talking Points Memo Blog,2014,2025,433
Tallahassee Democrat,1999,2025,4468
Tampa Bay Times,1986,2025,20556
Tampa Bay Times (Online),2017,2025,1605
Tampa Tribune,1995,2011,779
Taos News The,2007,2022,251
Targeted News Service,2005,2025,397697
TechCrunch,2016,2021,96
Telegram & Gazette,1989,2017,6162
Telegraph - Forum,2003,2025,1472
Telegraph - Herald,2000,2025,29461
Tell Me More,2007,2014,261
Tennessean (1972-) The,1972,2009,49467
Tennessean The,2001,2025,7336
Tennessee Lookout,2021,2025,395
Texas Monthly,1993,2024,156
Texas Tribune The,2012,2025,1187
This Old State [The Charlotte Observer - BLOG],2011,2011,1
Thousand Oaks Star & News Chronicle,1995,1995,1
Times - News,2005,2015,573
Times - Picayune,1989,2017,924
Times - Picayune (pre-1997 Fulltext),1992,1996,1063
Times - Tribune The,2005,2024,12947
Times Daily,2008,2009,12
Times Herald,2002,2025,1975
Times Leader,1992,1993,2
Times News,2008,2016,916
Times Record News,1992,2025,1578
Times Recorder,2003,2025,2070
Times The,2002,2025,3212
Times Union,1995,2011,2451
Toledo Business Journal,1987,2021,218
Topeka Capital Journal,1994,2022,204
Town Talk The,1999,2025,1105
Trail Blazers Politics Blog [The Dallas Morning News - BLOG],2010,2012,22
Trentonian,1993,1997,9
Tri - City Herald,1992,2012,34
Tri - Valley Herald,2010,2011,33
Tri-State Defender (Online),2023,2025,19
Triangle Tribune The,2011,2025,157
Tribune - Review,1994,1997,118
Tribune - Review / Pittsburgh Tribune - Review,2006,2025,10072
Tribune Business Weekly,1992,2009,144
Tribune Herald,1994,1995,2
Tributary The,2021,2025,9
Tributary [BLOG] The,2024,2025,4
Tucson Citizen,2002,2009,416
Tulare Advance - Register,2001,2009,85
Tulsa World,1988,2014,2241
Tuscaloosa News The,2006,2016,879
Two-Way [BLOG] The,2016,2018,80
U.S. Newswire,1998,2025,25213
USA TODAY,1989,2025,31723
USA TODAY (pre-1997 Fulltext),1987,1997,17091
USA Today (Online),2016,2025,35426
Union Leader The,1992,2017,541
University Wire,1994,2025,64986
Up First,2021,2025,332
Valley Daily News,1992,1995,28
Valley Dispatch The,2011,2012,7
Valley Morning Star,2007,2015,93
Valley News,2005,2020,2115
"Valley Times, The",2010,2011,27
Varney & Co,2023,2025,10
Vashon-Maury Island Beachcomber (Online),2023,2025,61
Ventura County Star,2002,2025,3063
Verge The,2025,2025,30
Vermont Business Magazine,1986,2011,207
Village Voice (Online) The,2017,2022,147
Village Voice The,1989,2015,114
Virginia Mercury,2020,2025,598
Virginian - Pilot,1992,2014,669
Visalia Times - Delta,2002,2010,121
Visalia Times - Delta / Tulare Advance - Register,2010,2025,2628
Vocero Hispano  El,2008,2008,1
Voice of America News / FIND,2005,2024,5983
Vox,2025,2025,204
Vox Pop [Chicago Tribune - BLOG],2009,2009,1
Voz Bilingüe La,1992,2025,245
WE Blog [The Wichita Eagle - BLOG],2009,2011,13
WSJ : the Magazine from the Wall Street Journal,2011,2023,28
Waco Tribune - Herald,2005,2009,48
Wall Street Journal,1982,2025,375905
Wall Street Journal  (1923-),1923,2013,180796
Wall Street Journal (Online),2010,2025,305414
Walton Sun The,2013,2015,194
War Horse News [BLOG] The,2023,2025,8
Warfield's Business Record,1992,1996,80
Washington Examiner,2008,2023,20971
Washington Informer,1992,2025,907
Washington Informer (pre-1990),1979,1988,497
"Washington Post  (1923-1954), The",1923,1954,24527
Washington Post  (1974-) The,1974,2008,106409
Washington Post (Online) The,2012,2025,56840
Washington Post (pre-1997 Fulltext) The,1987,1996,49430
Washington Post The,1988,2025,84180
Washington Post Video,2019,2025,434
Washington Post and Times Herald  (1954-1959) The,1954,1959,4439
Washington Post – Blogs,2013,2019,6619
"Washington Post, Times Herald  (1959-1973) The",1959,1973,19983
Wausau Daily Herald,2003,2025,2513
Week US [BLOG] The,2023,2025,255
Weekend All Things Considered,1990,2025,829
Weekend Chicago Defender (1980-2008),1980,2008,1457
Weekend Edition Saturday,2000,2025,886
Weekend Edition Sunday,1996,2025,826
Weekly Standard The,1997,2019,935
Wenatchee World,1991,1991,2
West County Times,2010,2014,33
West Virginia Watch,2023,2025,351
Westchester County Business Journal,1988,2019,412
Western New York,1992,1992,4
Westword (Online),2020,2024,352
What's up? With Merlene [Lexington Herald-Leader - BLOG],2010,2011,2
Wheeling Intelligencer,1993,1995,4
Wheeling News Register,1992,1994,3
Whidbey News-Times (Online),2023,2025,140
Whittier Daily News,2004,2019,1219
WhoWhatWhy,2009,2025,890
Wichita Beacon (Online),2022,2025,79
Wichita Beacon [BLOG] The,2024,2025,20
Wichitopekington [The Wichita Eagle - BLOG],2009,2011,2
Winston - Salem Journal,1992,2011,242
Wisconsin State Journal,1989,2025,8081
"Wisconsin State Journal Blogs (Madison, WI)",2014,2014,2
World,1996,1996,2
World Ahead The,2022,2025,701
World In The,2020,2021,216
World The,2017,2024,304
Worldcrunch,2023,2025,164
Wry Wing Politics [BLOG],2019,2024,31
Wyoming Tribune - Eagle,1997,2022,2762
Yakima Herald - Republic,1994,2022,1714
"Yesterday's News [Star Tribune, Minneapolis, Minnesota - BLOG]",2010,2011,2
York Daily Record,1995,2025,4776
"York Daily Record Blogs (York, PA)",2014,2015,3
York Dispatch The,2007,2015,964
reason.com [BLOG],2010,2023,8554
