year_month,unique_articles
1923-01-01,183
1923-02-01,205
1923-03-01,315
1923-04-01,370
1923-05-01,343
1923-06-01,231
1923-07-01,192
1923-08-01,185
1923-09-01,157
1923-10-01,265
1923-11-01,185
1923-12-01,206
1924-01-01,259
1924-02-01,203
1924-03-01,188
1924-04-01,195
1924-05-01,138
1924-06-01,137
1924-07-01,129
1924-08-01,203
1924-09-01,139
1924-10-01,152
1924-11-01,203
1924-12-01,174
1925-01-01,223
1925-02-01,156
1925-03-01,141
1925-04-01,298
1925-05-01,153
1925-06-01,202
1925-07-01,128
1925-08-01,168
1925-09-01,156
1925-10-01,185
1925-11-01,352
1925-12-01,358
1926-01-01,266
1926-02-01,171
1926-03-01,212
1926-04-01,173
1926-05-01,157
1926-06-01,182
1926-07-01,300
1926-08-01,195
1926-09-01,153
1926-10-01,175
1926-11-01,120
1926-12-01,114
1927-01-01,186
1927-02-01,132
1927-03-01,111
1927-04-01,90
1927-05-01,108
1927-06-01,93
1927-07-01,109
1927-08-01,97
1927-09-01,130
1927-10-01,99
1927-11-01,115
1927-12-01,112
1928-01-01,148
1928-02-01,89
1928-03-01,108
1928-04-01,95
1928-05-01,108
1928-06-01,120
1928-07-01,117
1928-08-01,120
1928-09-01,108
1928-10-01,186
1928-11-01,113
1928-12-01,118
1929-01-01,158
1929-02-01,116
1929-03-01,172
1929-04-01,182
1929-05-01,133
1929-06-01,85
1929-07-01,53
1929-08-01,81
1929-09-01,98
1929-10-01,171
1929-11-01,193
1929-12-01,168
1930-01-01,167
1930-02-01,103
1930-03-01,88
1930-04-01,89
1930-05-01,85
1930-06-01,85
1930-07-01,67
1930-08-01,89
1930-09-01,121
1930-10-01,178
1930-11-01,130
1930-12-01,140
1931-01-01,225
1931-02-01,163
1931-03-01,130
1931-04-01,72
1931-05-01,134
1931-06-01,164
1931-07-01,210
1931-08-01,159
1931-09-01,286
1931-10-01,416
1931-11-01,241
1931-12-01,374
1932-01-01,562
1932-02-01,453
1932-03-01,268
1932-04-01,486
1932-05-01,570
1932-06-01,373
1932-07-01,399
1932-08-01,293
1932-09-01,219
1932-10-01,414
1932-11-01,255
1932-12-01,293
1933-01-01,956
1933-02-01,784
1933-03-01,804
1933-04-01,2577
1933-05-01,2311
1933-06-01,1095
1933-07-01,913
1933-08-01,1056
1933-09-01,1767
1933-10-01,1572
1933-11-01,1577
1933-12-01,1260
1934-01-01,956
1934-02-01,423
1934-03-01,477
1934-04-01,784
1934-05-01,589
1934-06-01,527
1934-07-01,482
1934-08-01,1080
1934-09-01,652
1934-10-01,960
1934-11-01,692
1934-12-01,575
1935-01-01,871
1935-02-01,614
1935-03-01,1189
1935-04-01,766
1935-05-01,1401
1935-06-01,519
1935-07-01,569
1935-08-01,414
1935-09-01,407
1935-10-01,570
1935-11-01,549
1935-12-01,493
1936-01-01,1036
1936-02-01,1131
1936-03-01,505
1936-04-01,423
1936-05-01,568
1936-06-01,528
1936-07-01,360
1936-08-01,296
1936-09-01,388
1936-10-01,571
1936-11-01,339
1936-12-01,338
1937-01-01,348
1937-02-01,245
1937-03-01,581
1937-04-01,568
1937-05-01,396
1937-06-01,239
1937-07-01,172
1937-08-01,212
1937-09-01,249
1937-10-01,302
1937-11-01,269
1937-12-01,265
1938-01-01,383
1938-02-01,405
1938-03-01,183
1938-04-01,620
1938-05-01,311
1938-06-01,290
1938-07-01,158
1938-08-01,100
1938-09-01,157
1938-10-01,157
1938-11-01,136
1938-12-01,158
1939-01-01,299
1939-02-01,189
1939-03-01,208
1939-04-01,210
1939-05-01,243
1939-06-01,223
1939-07-01,163
1939-08-01,160
1939-09-01,302
1939-10-01,268
1939-11-01,251
1939-12-01,221
1940-01-01,275
1940-02-01,185
1940-03-01,189
1940-04-01,173
1940-05-01,180
1940-06-01,237
1940-07-01,170
1940-08-01,115
1940-09-01,217
1940-10-01,340
1940-11-01,575
1940-12-01,345
1941-01-01,712
1941-02-01,270
1941-03-01,401
1941-04-01,598
1941-05-01,574
1941-06-01,402
1941-07-01,740
1941-08-01,1072
1941-09-01,1108
1941-10-01,1097
1941-11-01,1029
1941-12-01,571
1942-01-01,907
1942-02-01,590
1942-03-01,729
1942-04-01,1326
1942-05-01,1136
1942-06-01,740
1942-07-01,1661
1942-08-01,1203
1942-09-01,2079
1942-10-01,1295
1942-11-01,546
1942-12-01,738
1943-01-01,780
1943-02-01,901
1943-03-01,993
1943-04-01,1343
1943-05-01,1086
1943-06-01,1175
1943-07-01,1026
1943-08-01,684
1943-09-01,677
1943-10-01,863
1943-11-01,1237
1943-12-01,1132
1944-01-01,807
1944-02-01,540
1944-03-01,503
1944-04-01,525
1944-05-01,418
1944-06-01,544
1944-07-01,418
1944-08-01,382
1944-09-01,405
1944-10-01,562
1944-11-01,567
1944-12-01,386
1945-01-01,472
1945-02-01,408
1945-03-01,616
1945-04-01,392
1945-05-01,523
1945-06-01,616
1945-07-01,464
1945-08-01,552
1945-09-01,780
1945-10-01,1026
1945-11-01,929
1945-12-01,891
1946-01-01,1315
1946-02-01,1456
1946-03-01,1160
1946-04-01,1298
1946-05-01,999
1946-06-01,1199
1946-07-01,1793
1946-08-01,945
1946-09-01,777
1946-10-01,992
1946-11-01,708
1946-12-01,598
1947-01-01,569
1947-02-01,472
1947-03-01,605
1947-04-01,746
1947-05-01,673
1947-06-01,558
1947-07-01,666
1947-08-01,587
1947-09-01,934
1947-10-01,1151
1947-11-01,1784
1947-12-01,2538
1948-01-01,2280
1948-02-01,1507
1948-03-01,790
1948-04-01,985
1948-05-01,803
1948-06-01,780
1948-07-01,1519
1948-08-01,1798
1948-09-01,1208
1948-10-01,1038
1948-11-01,953
1948-12-01,934
1949-01-01,992
1949-02-01,725
1949-03-01,575
1949-04-01,463
1949-05-01,408
1949-06-01,354
1949-07-01,384
1949-08-01,290
1949-09-01,291
1949-10-01,418
1949-11-01,292
1949-12-01,408
1950-01-01,442
1950-02-01,203
1950-03-01,235
1950-04-01,278
1950-05-01,315
1950-06-01,350
1950-07-01,654
1950-08-01,881
1950-09-01,997
1950-10-01,1336
1950-11-01,1080
1950-12-01,1128
1951-01-01,1443
1951-02-01,1200
1951-03-01,1295
1951-04-01,1188
1951-05-01,1113
1951-06-01,1513
1951-07-01,1465
1951-08-01,1042
1951-09-01,1118
1951-10-01,973
1951-11-01,1063
1951-12-01,1067
1952-01-01,1143
1952-02-01,890
1952-03-01,1052
1952-04-01,804
1952-05-01,838
1952-06-01,768
1952-07-01,681
1952-08-01,805
1952-09-01,1007
1952-10-01,1250
1952-11-01,629
1952-12-01,617
1953-01-01,529
1953-02-01,470
1953-03-01,410
1953-04-01,417
1953-05-01,435
1953-06-01,415
1953-07-01,236
1953-08-01,297
1953-09-01,305
1953-10-01,356
1953-11-01,252
1953-12-01,269
1954-01-01,386
1954-02-01,225
1954-03-01,275
1954-04-01,196
1954-05-01,200
1954-06-01,216
1954-07-01,188
1954-08-01,198
1954-09-01,189
1954-10-01,401
1954-11-01,216
1954-12-01,260
1955-01-01,298
1955-02-01,272
1955-03-01,294
1955-04-01,195
1955-05-01,192
1955-06-01,259
1955-07-01,278
1955-08-01,368
1955-09-01,376
1955-10-01,371
1955-11-01,301
1955-12-01,297
1956-01-01,497
1956-02-01,356
1956-03-01,261
1956-04-01,363
1956-05-01,421
1956-06-01,333
1956-07-01,369
1956-08-01,537
1956-09-01,521
1956-10-01,615
1956-11-01,397
1956-12-01,431
1957-01-01,841
1957-02-01,708
1957-03-01,620
1957-04-01,523
1957-05-01,507
1957-06-01,785
1957-07-01,854
1957-08-01,951
1957-09-01,1102
1957-10-01,808
1957-11-01,664
1957-12-01,620
1958-01-01,790
1958-02-01,451
1958-03-01,586
1958-04-01,737
1958-05-01,563
1958-06-01,542
1958-07-01,368
1958-08-01,804
1958-09-01,651
1958-10-01,868
1958-11-01,741
1958-12-01,722
1959-01-01,1037
1959-02-01,773
1959-03-01,913
1959-04-01,975
1959-05-01,1097
1959-06-01,947
1959-07-01,1079
1959-08-01,797
1959-09-01,752
1959-10-01,751
1959-11-01,594
1959-12-01,614
1960-01-01,1054
1960-02-01,556
1960-03-01,430
1960-04-01,475
1960-05-01,402
1960-06-01,430
1960-07-01,496
1960-08-01,359
1960-09-01,352
1960-10-01,629
1960-11-01,510
1960-12-01,265
1961-01-01,399
1961-02-01,355
1961-03-01,314
1961-04-01,298
1961-05-01,303
1961-06-01,407
1961-07-01,387
1961-08-01,349
1961-09-01,395
1961-10-01,335
1961-11-01,271
1961-12-01,283
1962-01-01,483
1962-02-01,237
1962-03-01,258
1962-04-01,446
1962-05-01,480
1962-06-01,490
1962-07-01,316
1962-08-01,304
1962-09-01,254
1962-10-01,211
1962-11-01,228
1962-12-01,263
1963-01-01,386
1963-02-01,219
1963-03-01,300
1963-04-01,353
1963-05-01,236
1963-06-01,171
1963-07-01,159
1963-08-01,163
1963-09-01,327
1963-10-01,325
1963-11-01,262
1963-12-01,240
1964-01-01,435
1964-02-01,277
1964-03-01,397
1964-04-01,459
1964-05-01,372
1964-06-01,318
1964-07-01,322
1964-08-01,241
1964-09-01,316
1964-10-01,410
1964-11-01,352
1964-12-01,364
1965-01-01,367
1965-02-01,229
1965-03-01,237
1965-04-01,258
1965-05-01,213
1965-06-01,314
1965-07-01,239
1965-08-01,358
1965-09-01,418
1965-10-01,320
1965-11-01,443
1965-12-01,730
1966-01-01,1104
1966-02-01,863
1966-03-01,1089
1966-04-01,1063
1966-05-01,1120
1966-06-01,748
1966-07-01,832
1966-08-01,1280
1966-09-01,1655
1966-10-01,1689
1966-11-01,1095
1966-12-01,720
1967-01-01,803
1967-02-01,421
1967-03-01,454
1967-04-01,438
1967-05-01,393
1967-06-01,402
1967-07-01,489
1967-08-01,546
1967-09-01,659
1967-10-01,917
1967-11-01,877
1967-12-01,818
1968-01-01,948
1968-02-01,663
1968-03-01,667
1968-04-01,637
1968-05-01,797
1968-06-01,667
1968-07-01,601
1968-08-01,629
1968-09-01,726
1968-10-01,880
1968-11-01,826
1968-12-01,926
1969-01-01,1266
1969-02-01,872
1969-03-01,1079
1969-04-01,1302
1969-05-01,1064
1969-06-01,1407
1969-07-01,1474
1969-08-01,1392
1969-09-01,1493
1969-10-01,1829
1969-11-01,1433
1969-12-01,1744
1970-01-01,2205
1970-02-01,1694
1970-03-01,1577
1970-04-01,1469
1970-05-01,1762
1970-06-01,1808
1970-07-01,1504
1970-08-01,1496
1970-09-01,1438
1970-10-01,1681
1970-11-01,1734
1970-12-01,1602
1971-01-01,1710
1971-02-01,1302
1971-03-01,1091
1971-04-01,1159
1971-05-01,1250
1971-06-01,1044
1971-07-01,1312
1971-08-01,1921
1971-09-01,1494
1971-10-01,1673
1971-11-01,1564
1971-12-01,1173
1972-01-01,1396
1972-02-01,1048
1972-03-01,1050
1972-04-01,1259
1972-05-01,945
1972-06-01,983
1972-07-01,1178
1972-08-01,1214
1972-09-01,1145
1972-10-01,1514
1972-11-01,1276
1972-12-01,1072
1973-01-01,1547
1973-02-01,1388
1973-03-01,1635
1973-04-01,1857
1973-05-01,1655
1973-06-01,1985
1973-07-01,2041
1973-08-01,1926
1973-09-01,2226
1973-10-01,1572
1973-11-01,1386
1973-12-01,1453
1974-01-01,2290
1974-02-01,2216
1974-03-01,2397
1974-04-01,2439
1974-05-01,2907
1974-06-01,2968
1974-07-01,3275
1974-08-01,4329
1974-09-01,5419
1974-10-01,6122
1974-11-01,5449
1974-12-01,4897
1975-01-01,4441
1975-02-01,3569
1975-03-01,3281
1975-04-01,2556
1975-05-01,2535
1975-06-01,2316
1975-07-01,2566
1975-08-01,2599
1975-09-01,2662
1975-10-01,2141
1975-11-01,2035
1975-12-01,1924
1976-01-01,2234
1976-02-01,1820
1976-03-01,2081
1976-04-01,1841
1976-05-01,1829
1976-06-01,1738
1976-07-01,1717
1976-08-01,1824
1976-09-01,1959
1976-10-01,2425
1976-11-01,2133
1976-12-01,1971
1977-01-01,1852
1977-02-01,1618
1977-03-01,1899
1977-04-01,2158
1977-05-01,2182
1977-06-01,1674
1977-07-01,1646
1977-08-01,1353
1977-09-01,1624
1977-10-01,1610
1977-11-01,1752
1977-12-01,1813
1978-01-01,2111
1978-02-01,1463
1978-03-01,2151
1978-04-01,2865
1978-05-01,2897
1978-06-01,3008
1978-07-01,3003
1978-08-01,2773
1978-09-01,2694
1978-10-01,3573
1978-11-01,4237
1978-12-01,3757
1979-01-01,3844
1979-02-01,3349
1979-03-01,3670
1979-04-01,3585
1979-05-01,3590
1979-06-01,3358
1979-07-01,3950
1979-08-01,3543
1979-09-01,3997
1979-10-01,4390
1979-11-01,3914
1979-12-01,3759
1980-01-01,4149
1980-02-01,4215
1980-03-01,6661
1980-04-01,5461
1980-05-01,4810
1980-06-01,4634
1980-07-01,3859
1980-08-01,4161
1980-09-01,3841
1980-10-01,4465
1980-11-01,4358
1980-12-01,3976
1981-01-01,4445
1981-02-01,4198
1981-03-01,4253
1981-04-01,3572
1981-05-01,3720
1981-06-01,3420
1981-07-01,3663
1981-08-01,3193
1981-09-01,3281
1981-10-01,2973
1981-11-01,3088
1981-12-01,2768
1982-01-01,3141
1982-02-01,2896
1982-03-01,2684
1982-04-01,2500
1982-05-01,2441
1982-06-01,2194
1982-07-01,2242
1982-08-01,2142
1982-09-01,2167
1982-10-01,2905
1982-11-01,2347
1982-12-01,2330
1983-01-01,2807
1983-02-01,2300
1983-03-01,2456
1983-04-01,1925
1983-05-01,2325
1983-06-01,2177
1983-07-01,1888
1983-08-01,1875
1983-09-01,1759
1983-10-01,1930
1983-11-01,1678
1983-12-01,1840
1984-01-01,2502
1984-02-01,2315
1984-03-01,2193
1984-04-01,2036
1984-05-01,2106
1984-06-01,2180
1984-07-01,2450
1984-08-01,2461
1984-09-01,2251
1984-10-01,2551
1984-11-01,2228
1984-12-01,2058
1985-01-01,2888
1985-02-01,2549
1985-03-01,2671
1985-04-01,2569
1985-05-01,3128
1985-06-01,2508
1985-07-01,2665
1985-08-01,2258
1985-09-01,2292
1985-10-01,2227
1985-11-01,2155
1985-12-01,2643
1986-01-01,2761
1986-02-01,2781
1986-03-01,2886
1986-04-01,2411
1986-05-01,2357
1986-06-01,2214
1986-07-01,2233
1986-08-01,2350
1986-09-01,2353
1986-10-01,2141
1986-11-01,1762
1986-12-01,2029
1987-01-01,2887
1987-02-01,2248
1987-03-01,2278
1987-04-01,3022
1987-05-01,2970
1987-06-01,3175
1987-07-01,2283
1987-08-01,2480
1987-09-01,2816
1987-10-01,3245
1987-11-01,2802
1987-12-01,2733
1988-01-01,2821
1988-02-01,2564
1988-03-01,2704
1988-04-01,2736
1988-05-01,3779
1988-06-01,3744
1988-07-01,3474
1988-08-01,4043
1988-09-01,3460
1988-10-01,3645
1988-11-01,3565
1988-12-01,3481
1989-01-01,4265
1989-02-01,3972
1989-03-01,4460
1989-04-01,3873
1989-05-01,4269
1989-06-01,3632
1989-07-01,3557
1989-08-01,3257
1989-09-01,2871
1989-10-01,3369
1989-11-01,3149
1989-12-01,3442
1990-01-01,3818
1990-02-01,3196
1990-03-01,3810
1990-04-01,3324
1990-05-01,3737
1990-06-01,2856
1990-07-01,2949
1990-08-01,3943
1990-09-01,3731
1990-10-01,4085
1990-11-01,3470
1990-12-01,2987
1991-01-01,3268
1991-02-01,2660
1991-03-01,2632
1991-04-01,3217
1991-05-01,3016
1991-06-01,2807
1991-07-01,2801
1991-08-01,2691
1991-09-01,2852
1991-10-01,3151
1991-11-01,3038
1991-12-01,3352
1992-01-01,3711
1992-02-01,3288
1992-03-01,3397
1992-04-01,3372
1992-05-01,3440
1992-06-01,3210
1992-07-01,3425
1992-08-01,3763
1992-09-01,4591
1992-10-01,4292
1992-11-01,3655
1992-12-01,3610
1993-01-01,3671
1993-02-01,3857
1993-03-01,4316
1993-04-01,4203
1993-05-01,4357
1993-06-01,3764
1993-07-01,4102
1993-08-01,3717
1993-09-01,3979
1993-10-01,3748
1993-11-01,3636
1993-12-01,4595
1994-01-01,5183
1994-02-01,4408
1994-03-01,4851
1994-04-01,4648
1994-05-01,5042
1994-06-01,4361
1994-07-01,4004
1994-08-01,4413
1994-09-01,4656
1994-10-01,5407
1994-11-01,4509
1994-12-01,4587
1995-01-01,6395
1995-02-01,5038
1995-03-01,5488
1995-04-01,4461
1995-05-01,4401
1995-06-01,3290
1995-07-01,3365
1995-08-01,3056
1995-09-01,3390
1995-10-01,3950
1995-11-01,3616
1995-12-01,4065
1996-01-01,3588
1996-02-01,4081
1996-03-01,3653
1996-04-01,3635
1996-05-01,5139
1996-06-01,4384
1996-07-01,4582
1996-08-01,4598
1996-09-01,5384
1996-10-01,5218
1996-11-01,4079
1996-12-01,4881
1997-01-01,5331
1997-02-01,4374
1997-03-01,4909
1997-04-01,4575
1997-05-01,4429
1997-06-01,3434
1997-07-01,3963
1997-08-01,4256
1997-09-01,4246
1997-10-01,5225
1997-11-01,3937
1997-12-01,4138
1998-01-01,5143
1998-02-01,4214
1998-03-01,4763
1998-04-01,4365
1998-05-01,4697
1998-06-01,3791
1998-07-01,4232
1998-08-01,3977
1998-09-01,5527
1998-10-01,4471
1998-11-01,3315
1998-12-01,3720
1999-01-01,4768
1999-02-01,3971
1999-03-01,4837
1999-04-01,3667
1999-05-01,5101
1999-06-01,4856
1999-07-01,4633
1999-08-01,4799
1999-09-01,4236
1999-10-01,5143
1999-11-01,4408
1999-12-01,4144
2000-01-01,5235
2000-02-01,4847
2000-03-01,4513
2000-04-01,4240
2000-05-01,4542
2000-06-01,4173
2000-07-01,3618
2000-08-01,4027
2000-09-01,4054
2000-10-01,4372
2000-11-01,3533
2000-12-01,3685
2001-01-01,3064
2001-02-01,3146
2001-03-01,3326
2001-04-01,3135
2001-05-01,3178
2001-06-01,2774
2001-07-01,2505
2001-08-01,2666
2001-09-01,1885
2001-10-01,2296
2001-11-01,2291
2001-12-01,2406
2002-01-01,2898
2002-02-01,2310
2002-03-01,2572
2002-04-01,2428
2002-05-01,2904
2002-06-01,2577
2002-07-01,2548
2002-08-01,2371
2002-09-01,2391
2002-10-01,2886
2002-11-01,2544
2002-12-01,2553
2003-01-01,2908
2003-02-01,2846
2003-03-01,2724
2003-04-01,2548
2003-05-01,3360
2003-06-01,2834
2003-07-01,2358
2003-08-01,2500
2003-09-01,2445
2003-10-01,2929
2003-11-01,2573
2003-12-01,2979
2004-01-01,3338
2004-02-01,3194
2004-03-01,3160
2004-04-01,3888
2004-05-01,4891
2004-06-01,4563
2004-07-01,3980
2004-08-01,3842
2004-09-01,3458
2004-10-01,3983
2004-11-01,3193
2004-12-01,3245
2005-01-01,4108
2005-02-01,4190
2005-03-01,4728
2005-04-01,4726
2005-05-01,4254
2005-06-01,3571
2005-07-01,3508
2005-08-01,4082
2005-09-01,3647
2005-10-01,5015
2005-11-01,4250
2005-12-01,3984
2006-01-01,4242
2006-02-01,4079
2006-03-01,4093
2006-04-01,4619
2006-05-01,5270
2006-06-01,5690
2006-07-01,4660
2006-08-01,5044
2006-09-01,4716
2006-10-01,5235
2006-11-01,4350
2006-12-01,4263
2007-01-01,4578
2007-02-01,4629
2007-03-01,4448
2007-04-01,4285
2007-05-01,4742
2007-06-01,4593
2007-07-01,3875
2007-08-01,3960
2007-09-01,4242
2007-10-01,4691
2007-11-01,5069
2007-12-01,4825
2008-01-01,5447
2008-02-01,5231
2008-03-01,6049
2008-04-01,6244
2008-05-01,6145
2008-06-01,6394
2008-07-01,5894
2008-08-01,5676
2008-09-01,4704
2008-10-01,5012
2008-11-01,3849
2008-12-01,3261
2009-01-01,3190
2009-02-01,3043
2009-03-01,3215
2009-04-01,2708
2009-05-01,2811
2009-06-01,3048
2009-07-01,2818
2009-08-01,2736
2009-09-01,2935
2009-10-01,3300
2009-11-01,2671
2009-12-01,2710
2010-01-01,3223
2010-02-01,3074
2010-03-01,3191
2010-04-01,2727
2010-05-01,2896
2010-06-01,2782
2010-07-01,2746
2010-08-01,2967
2010-09-01,3079
2010-10-01,3868
2010-11-01,3976
2010-12-01,3524
2011-01-01,4176
2011-02-01,4620
2011-03-01,4641
2011-04-01,4783
2011-05-01,4392
2011-06-01,3975
2011-07-01,4501
2011-08-01,5176
2011-09-01,3731
2011-10-01,3898
2011-11-01,3659
2011-12-01,3348
2012-01-01,3493
2012-02-01,3284
2012-03-01,3333
2012-04-01,3306
2012-05-01,3351
2012-06-01,2676
2012-07-01,2906
2012-08-01,2925
2012-09-01,3285
2012-10-01,3616
2012-11-01,2865
2012-12-01,3448
2013-01-01,5615
2013-02-01,3405
2013-03-01,3575
2013-04-01,3634
2013-05-01,3200
2013-06-01,2939
2013-07-01,2951
2013-08-01,2886
2013-09-01,3085
2013-10-01,3128
2013-11-01,3385
2013-12-01,3173
2014-01-01,4534
2014-02-01,3438
2014-03-01,3640
2014-04-01,3578
2014-05-01,3186
2014-06-01,3095
2014-07-01,3406
2014-08-01,3015
2014-09-01,3451
2014-10-01,4107
2014-11-01,3489
2014-12-01,3510
2015-01-01,4383
2015-02-01,3459
2015-03-01,3739
2015-04-01,3163
2015-05-01,3022
2015-06-01,2664
2015-07-01,3071
2015-08-01,3159
2015-09-01,3232
2015-10-01,4850
2015-11-01,3049
2015-12-01,3884
2016-01-01,3619
2016-02-01,3289
2016-03-01,3346
2016-04-01,3043
2016-05-01,3152
2016-06-01,2849
2016-07-01,2626
2016-08-01,3023
2016-09-01,3114
2016-10-01,3271
2016-11-01,3618
2016-12-01,3299
2017-01-01,3183
2017-02-01,2858
2017-03-01,3201
2017-04-01,2618
2017-05-01,2867
2017-06-01,4005
2017-07-01,4041
2017-08-01,2370
2017-09-01,2381
2017-10-01,2537
2017-11-01,2568
2017-12-01,2544
2018-01-01,2685
2018-02-01,3530
2018-03-01,2614
2018-04-01,2481
2018-05-01,2685
2018-06-01,2550
2018-07-01,2551
2018-08-01,2625
2018-09-01,2535
2018-10-01,2920
2018-11-01,2459
2018-12-01,2366
2019-01-01,2604
2019-02-01,2491
2019-03-01,2603
2019-04-01,2657
2019-05-01,2853
2019-06-01,2412
2019-07-01,2689
2019-08-01,2358
2019-09-01,2335
2019-10-01,2306
2019-11-01,1853
2019-12-01,2315
2020-01-01,2101
2020-02-01,1929
2020-03-01,1515
2020-04-01,1248
2020-05-01,1393
2020-06-01,1167
2020-07-01,1426
2020-08-01,1481
2020-09-01,1514
2020-10-01,1585
2020-11-01,1316
2020-12-01,1348
2021-01-01,1626
2021-02-01,2071
2021-03-01,2561
2021-04-01,2300
2021-05-01,3026
2021-06-01,3049
2021-07-01,3557
2021-08-01,3207
2021-09-01,3176
2021-10-01,4432
2021-11-01,6873
2021-12-01,5827
2022-01-01,6649
2022-02-01,7121
2022-03-01,10170
2022-04-01,9679
2022-05-01,10661
2022-06-01,11894
2022-07-01,12569
2022-08-01,15463
2022-09-01,12775
2022-10-01,15047
2022-11-01,14897
2022-12-01,10205
2023-01-01,10179
2023-02-01,9562
2023-03-01,10306
2023-04-01,8674
2023-05-01,9585
2023-06-01,7914
2023-07-01,7600
2023-08-01,8168
2023-09-01,7876
2023-10-01,8134
2023-11-01,8544
2023-12-01,7266
2024-01-01,7954
2024-02-01,7526
2024-03-01,8684
2024-04-01,8340
2024-05-01,8809
2024-06-01,7653
2024-07-01,8603
2024-08-01,9648
2024-09-01,9271
2024-10-01,10302
2024-11-01,9798
2024-12-01,7063
2025-01-01,7811
2025-02-01,7138
2025-03-01,7680
2025-04-01,7884
2025-05-01,6885
2025-06-01,5205
2025-07-01,234
